id,name
0,Diego
1,Vitalijs
2,Garret
3,Mykhailo
4,Daiane
5,Clarissa
6,Bruno
7,Mykhailo
8,Weslley
9,Romeo
10,Anastasia
11,Ewa
12,Kateryna
13,Luis
14,Rayanne
15,Kasia
16,Mark
17,Luis
18,Kasia
19,Anna
20,Alejandra
21,Kasia
22,Rayanne
23,Andrea Ran
24,Paolo
25,Daiane
26,Vitalijs
27,Klara
28,Kasia
29,Weslley
30,Diego
31,Anna
32,Vitalijs
33,Paolo
34,Kateryna
35,Gabriel
36,Vitalijs
37,Valeriia
38,Matheus
39,Paolo
40,Alessandro
41,Kateryna
42,Alejandra
43,Klara
44,Kasia
45,Daiane
46,Clarissa
47,Anastasia
48,Garret
49,Juliana
50,Alessandro
51,Paolo
52,Massimiliano
53,Anastasia
54,Clarissa
55,Weslley
56,Alejandra
57,Romeo
58,Vitalijs
59,Klara
60,Massimiliano
61,Alejandra
62,Matheus
63,Matheus
64,Klara
65,Kateryna
66,Alejandra
67,Anastasia
68,Andrea Ran
69,Kateryna
70,Paolo
71,Gabriel
72,Fernanda
73,Juliana
74,Rayanne
75,Miia
76,Garret
77,Andrea Ran
78,Vitalijs
79,Matheus
80,Kasia
81,Anastasia
82,Klara
83,Romeo
84,Ewa
85,Fernanda
86,Klara
87,Matheus
88,Alejandra
89,Fernanda
90,Gabriel
91,Clarissa
92,Ewa
93,Clarissa
94,Rayanne
